"","price","lotsize","bedrooms","bathrms","stories","driveway","recroom","fullbase","gashw","airco","garagepl","prefarea","u2","u"
"1",42000,5850,3,1,2,1,0,1,0,0,1,0,552477639.825501,-23504.8429015278
"2",38500,4000,2,1,1,1,0,0,0,0,0,0,278611464.175133,-16691.6585208041
"3",49500,3060,3,1,1,1,0,0,0,0,0,0,203803.415563504,-451.445916543172
"4",60500,6650,3,1,2,1,1,0,0,0,0,0,89578621.1584905,-9464.5983094102
"5",61000,6360,2,1,1,1,0,0,0,0,0,0,53992177.774659,-7347.93697405326
"6",66000,4160,3,1,1,1,1,1,0,1,0,0,98334798.5180113,9916.39039762006
"7",66000,3880,3,2,2,1,0,1,0,0,2,0,128463049.789368,-11334.1541276519
"8",69000,4160,3,1,3,1,0,0,0,0,0,0,166833140.903732,12916.3903976201
"9",83800,4800,3,1,1,1,1,1,0,0,0,0,583154209.243713,24148.5860713151
"10",88500,5500,3,2,4,1,1,0,0,1,1,0,4557546.82705613,2134.84117138867
"11",90000,7200,3,2,1,1,0,1,0,1,3,0,34130588.917414,-5842.1390703589
"12",30500,3000,2,1,1,0,0,0,0,0,0,0,365458322.554523,-19116.9642609522
"13",27000,1700,3,1,2,1,0,0,0,0,0,0,236232649.388605,-15369.8617231452
"14",36000,2880,3,1,1,0,0,0,0,0,0,0,167650728.595245,-12948.00094977
"15",37000,3600,2,1,1,1,0,0,0,0,0,0,254778446.845579,-15961.7808168631
"16",37900,3185,2,1,1,1,0,0,0,1,0,0,162518711.774253,-12748.2826990247
"17",40500,3300,3,1,2,0,0,0,0,0,1,0,116410559.783334,-10789.3725389076
"18",40750,5200,4,1,3,1,0,0,0,0,0,0,446531486.063069,-21131.2916326255
"19",45000,3450,1,1,1,1,0,0,0,0,0,0,50773842.9924239,-7125.57667788537
"20",45000,3986,2,2,1,0,1,1,0,0,1,0,1084060347.71421,-32925.0717191962
"21",48500,4785,3,1,2,1,1,1,0,1,1,0,122496053.285964,-11067.7935147871
"22",65900,4510,4,2,2,1,0,1,0,0,0,0,223389238.542261,-14946.2115113583
"23",37900,4000,3,1,2,1,0,0,0,1,0,0,299001454.400083,-17291.6585208037
"24",38000,3934,2,1,1,1,0,0,0,0,0,0,283037847.359545,-16823.7286996535
"25",42000,4960,2,1,1,1,0,0,0,0,0,0,343856385.903777,-18543.3650102612
"26",42300,3000,2,1,2,1,0,0,0,0,0,0,53537965.9960516,-7316.96426095219
"27",43500,3800,2,1,1,1,0,0,0,0,0,0,111866998.953087,-10576.7196688334
"28",44000,4960,2,1,1,1,0,1,0,1,0,0,273682925.862733,-16543.3650102612
"29",44500,3000,3,1,1,0,0,0,0,1,0,0,26183323.247862,-5116.96426095219
"30",44900,4500,3,1,2,1,0,0,0,1,0,0,171060388.811813,-13079.0056507295
"31",45000,3500,2,1,1,0,0,1,0,0,0,0,54823827.1730849,-7404.31139087794
"32",48000,3500,4,1,2,1,0,0,0,1,2,0,19397958.8278172,-4404.31139087795
"33",49000,4000,2,1,1,1,0,0,0,0,0,0,38336635.2382411,-6191.6585208037
"34",51500,4500,2,1,1,1,0,0,0,0,0,0,41977514.2221842,-6479.00565072946
"35",61000,6360,2,1,2,1,0,0,0,0,0,0,53992177.774659,-7347.93697405326
"36",61000,4500,2,1,1,1,0,0,0,1,2,0,9126406.85832455,3020.99434927054
"37",61700,4032,2,1,1,1,0,1,0,0,0,0,40068282.9904494,6329.95126288105
"38",67000,5170,3,1,4,1,0,0,0,1,0,0,27941258.8939187,5285.94919517003
"39",82000,5400,4,2,2,1,0,0,0,1,2,0,14498498.5868717,-3807.68940262618
"40",54500,3150,2,2,1,0,0,1,0,0,0,0,352111238.381942,-18764.6273179603
"41",66500,3745,3,1,2,1,0,1,0,0,0,0,162050061.616001,12729.8885154584
"42",70000,4520,3,1,2,1,0,1,0,1,0,0,141836201.303767,11909.5004640735
"43",82000,4640,4,1,2,1,0,0,0,0,1,0,540122567.154922,23240.5371528913
"44",92000,8580,5,3,2,1,0,0,0,0,2,0,1179694156.85036,-34346.6760669844
"45",38000,2000,2,1,2,1,0,0,0,0,0,0,36509026.7662012,-6042.27000110068
"46",44000,2160,3,1,2,0,0,1,0,0,0,0,872769.031318042,-934.221082676923
"47",41000,3040,2,1,1,0,0,0,0,0,0,0,78144751.9165027,-8839.95203134625
"48",43000,3090,3,1,2,0,0,0,0,0,0,0,50675700.9640253,-7118.68674433883
"49",48000,4960,4,1,3,0,0,0,0,0,0,0,157336005.780644,-12543.3650102612
"50",54800,3350,3,1,2,1,0,0,0,0,0,0,10445130.73522,3231.89274809978
"51",55000,5300,5,2,2,1,0,0,0,0,0,0,915075808.635172,-30250.219976641
"52",57000,4100,4,1,1,0,0,1,0,0,0,0,1564680.89350467,1250.87205321115
"53",68000,9166,2,1,1,1,0,1,0,1,2,0,255697019.848859,-15990.5290671966
"54",95000,4040,3,1,2,1,0,1,1,0,1,0,1567000228.25098,39585.3537088022
"55",38000,3630,3,3,2,0,1,0,0,0,0,0,3690798150.66899,-60751.9394807194
"56",25000,3620,2,1,1,1,0,0,0,0,0,0,788108752.497329,-28073.2747020601
"57",25245,2400,3,1,1,0,0,0,0,0,0,0,442140940.609623,-21027.1477050413
"58",56000,7260,3,2,1,1,1,1,0,0,3,0,1614160852.95683,-40176.62072595
"59",35500,4400,3,1,2,1,0,0,0,0,0,0,480553750.452777,-21921.5362247443
"60",30000,2400,3,1,2,1,0,0,0,0,0,0,264782790.93468,-16272.1477050413
"61",48000,4120,2,1,2,1,0,0,0,0,0,0,61789375.5854931,-7860.62183198588
"62",48000,4750,2,1,1,1,0,0,0,0,0,0,129337832.54304,-11372.6792156923
"63",52000,4280,2,1,1,1,0,0,0,1,2,0,22586949.2987244,-4752.57291356212
"64",54000,4820,3,1,2,1,0,0,0,0,0,0,33211106.4713015,-5762.90781388194
"65",56000,5500,4,1,2,1,1,1,0,0,0,0,57058382.3391109,-7553.69991058097
"66",60000,5500,3,1,2,1,0,0,0,1,0,0,12628783.0544632,-3553.69991058097
"67",60000,5040,3,1,2,1,0,1,0,1,0,0,978794.725950476,-989.340551049272
"68",67000,6000,2,1,1,1,0,1,0,1,1,0,434219.002824948,658.952959493277
"69",47000,2500,2,1,1,0,0,0,0,1,0,0,29030.3220396629,170.382868973565
"70",70000,4095,3,1,2,0,1,1,0,1,0,0,203882573.753726,14278.7455245104
"71",45000,4095,2,1,1,1,0,0,0,0,2,0,114945297.528206,-10721.2544754896
"72",51000,3150,3,1,2,1,0,1,0,0,0,0,299024.798835207,546.831600070083
"73",32500,1836,2,1,1,0,0,1,0,0,0,0,112954812.149068,-10628.020142485
"74",34000,2475,3,1,2,1,0,0,0,0,0,0,161042439.339962,-12690.2497745301
"75",35000,3210,3,1,2,1,0,1,0,0,0,0,249249894.275592,-15787.650055521
"76",36000,3180,3,1,1,0,0,0,0,0,0,0,213756365.98616,-14620.4092277255
"77",45000,1650,3,1,2,0,0,1,0,0,0,0,8461542.07106347,2908.87298984735
"78",47000,3180,4,1,2,1,0,1,0,1,0,0,13107362.9761997,-3620.40922772546
"79",55000,3180,2,2,1,1,0,1,0,0,2,0,339733763.342528,-18431.8681457558
"80",63900,6360,2,1,1,1,0,1,0,1,1,0,19784143.3251501,-4447.93697405326
"81",50000,4240,3,1,2,1,0,0,0,1,0,0,42635482.1418811,-6529.58514316806
"82",35000,3240,2,1,1,0,1,0,0,0,1,0,254558543.098538,-15954.8908833165
"83",50000,3650,3,1,2,1,0,0,0,0,0,0,10500940.8992358,-3240.51552985567
"84",43000,3240,3,1,2,1,0,0,0,0,2,0,63280288.9654728,-7954.89088331655
"85",55500,3780,2,1,2,1,1,1,0,0,0,0,2355531.8952146,1534.77421636363
"86",57000,6480,3,1,2,0,0,0,0,1,1,0,144405892.465292,-12016.9002852354
"87",60000,5850,2,1,1,1,1,1,0,0,2,0,30303295.3705142,-5504.84290152899
"88",78000,3150,3,2,1,1,1,1,0,1,0,0,22423754.437808,4735.37268203971
"89",35000,3000,2,1,1,1,0,0,0,0,1,0,213655644.205954,-14616.9642609522
"90",44000,3090,2,1,1,1,1,1,0,0,0,0,37438327.4753477,-6118.68674433883
"91",47000,6060,3,1,1,1,1,1,0,0,0,0,387126429.470969,-19675.5286960978
"92",58000,5900,4,2,2,0,0,1,0,0,1,0,936056260.428188,-30595.0365325519
"93",163000,7420,4,1,2,1,1,1,0,1,2,0,7875300012.70768,88742.8871105041
"94",128000,8500,3,2,4,1,0,0,0,1,2,0,620545883.656335,24910.7583918341
"95",123500,8050,3,1,1,1,1,1,0,1,1,0,2091308787.50136,45730.8297267977
"96",39000,6800,2,1,1,1,0,0,0,0,0,0,1011291036.3614,-31800.8024483879
"97",53900,8250,3,1,1,1,0,0,0,0,2,0,624205708.778534,-24984.1091251726
"98",59900,8250,3,1,1,1,0,1,0,0,3,0,360396399.276462,-18984.1091251726
"99",35000,3500,2,1,1,1,1,0,0,0,0,0,302910054.990644,-17404.3113908779
"100",43000,2835,2,1,1,1,0,0,0,0,0,0,32457400.8533442,-5697.13970807669
"101",57000,4500,3,2,2,0,0,1,0,1,0,0,565986204.397417,-23790.4645687598
"102",79000,3300,3,3,2,1,0,1,0,0,0,0,320850146.477185,-17912.2903749684
"103",125000,4320,3,1,2,1,0,1,1,0,2,0,4627324344.26213,68024.4393160438
"104",132000,3500,4,2,2,1,0,0,1,0,2,0,3224448741.61066,56784.2296910917
"105",58000,4992,3,2,2,1,0,0,0,0,2,0,651945024.554347,-25533.2141446068
"106",43000,4600,2,1,1,1,0,0,0,0,0,0,241382057.809374,-15536.4750767146
"107",48000,3720,2,1,1,0,0,0,0,1,0,0,31705279.4355164,-5630.74412804528
"108",58500,3680,3,2,2,1,0,0,0,0,0,0,313970589.985948,-17719.2152756816
"109",73000,3000,3,2,2,1,1,1,0,0,0,0,326700.062324406,571.576821017443
"110",63500,3750,2,1,1,1,1,1,0,0,0,0,94129095.917091,9702.01504415918
"111",43000,5076,3,1,1,0,0,0,0,0,0,0,330877174.826288,-18190.0295444039
"112",46500,4500,2,1,1,0,0,0,0,0,0,0,131767570.729479,-11479.0056507295
"113",92000,5000,3,1,2,1,0,0,0,1,0,0,975540718.622485,31233.6472193448
"114",75000,4260,4,1,2,1,0,1,0,1,0,0,337049979.242736,18358.9209716349
"115",75000,6540,4,2,2,0,0,0,0,1,0,0,294563106.346448,-17162.8408588569
"116",85000,3700,4,1,2,1,1,0,0,1,0,0,991037605.27241,31480.7497571518
"117",93000,3760,3,1,2,1,0,0,1,0,2,0,1532430306.27926,39146.2681015607
"118",94500,4000,3,2,2,1,0,1,0,1,1,0,272147134.2369,16496.8825611659
"119",106500,4300,3,2,2,1,0,1,0,0,1,0,719552420.570621,26824.4742832105
"120",116000,6840,5,1,2,1,1,1,0,1,1,0,2022859446.28413,44976.209781218
"121",61500,4400,2,1,1,1,0,0,0,0,1,0,16633866.7660729,4078.46377525569
"122",80000,10500,4,2,2,1,0,0,0,0,1,0,1172283793.03301,-34238.6301278689
"123",37000,4400,2,1,1,1,0,0,0,0,0,0,417039141.778544,-20421.5362247443
"124",59500,4840,3,1,2,1,0,0,0,0,1,0,140176.632273219,-374.40169907897
"125",70000,4120,2,1,1,1,0,1,0,0,1,0,199922014.978114,14139.3781680141
"126",95000,4260,4,2,2,1,0,0,1,0,0,0,241723576.308273,15547.4620536045
"127",117000,5960,3,3,2,1,1,1,0,0,1,0,27657321.7977924,5259.02289382661
"128",122500,8800,3,2,2,1,0,0,0,1,2,0,314649064.76254,17738.3501138787
"129",123500,4560,3,2,2,1,1,1,0,1,1,0,1795645182.48915,42375.0537756491
"130",127000,4600,3,2,2,1,1,0,0,1,2,0,2084111130.54816,45652.066005255
"131",35000,4840,2,1,2,1,0,0,0,0,0,0,618735859.887143,-24874.401699079
"132",44500,3850,3,1,2,1,0,0,0,0,0,0,97129981.0722528,-9855.45438182597
"133",49900,4900,3,1,2,0,0,0,0,0,0,0,106273076.020193,-10308.8833546701
"134",50500,3850,3,1,1,1,0,0,0,0,2,0,14864528.4903411,-3855.45438182597
"135",65000,3760,3,1,1,1,0,0,0,0,2,0,124239292.591869,11146.2681015607
"136",90000,6000,4,2,4,1,0,0,0,0,1,0,718246.15031513,847.494041462906
"137",46000,4370,3,1,2,1,0,0,0,0,0,0,126659164.881782,-11254.2953969488
"138",35000,7700,2,1,1,1,0,0,0,0,0,0,1666111351.21486,-40818.0272822543
"139",26500,2990,2,1,1,0,0,0,0,0,1,0,531819744.204336,-23061.2173183537
"140",43000,3750,3,1,2,1,0,0,0,0,0,0,116596479.106565,-10797.9849558408
"141",56000,3000,3,1,2,1,0,0,0,0,0,0,40743145.2459616,6383.03573904781
"142",40000,2650,3,1,2,1,0,1,0,0,1,0,58764815.7436482,-7665.82127000416
"143",51000,4500,4,2,2,1,0,1,0,0,2,0,887471779.222534,-29790.4645687598
"144",51000,4500,2,1,1,0,0,0,0,0,0,0,48706519.8729137,-6979.00565072946
"145",57250,4500,3,1,2,0,0,1,0,1,0,0,531449.238795479,-729.005650729457
"146",44000,4500,2,1,2,1,0,0,1,0,1,0,195412598.983126,-13979.0056507295
"147",61000,2175,3,1,2,0,1,1,0,1,0,0,255429390.42861,15982.1585034253
"148",62000,4500,3,2,3,1,0,0,1,0,1,0,353081558.709818,-18790.4645687598
"149",80000,4800,5,2,3,0,0,1,1,0,0,0,6065742.65908742,-2462.87284671528
"150",50000,4600,4,1,2,1,0,0,0,0,0,0,72871406.7353697,-8536.47507671461
"151",59900,3450,3,1,2,1,0,0,0,0,1,0,60441657.9914399,7774.42332211463
"152",35500,3000,3,1,2,0,0,0,0,0,0,0,199288679.945001,-14116.9642609522
"153",37000,3600,2,2,2,1,0,1,0,0,1,0,1503364119.53952,-38773.2397348935
"154",42000,3600,3,1,2,0,0,0,0,0,1,0,120160638.676948,-10961.7808168631
"155",48000,3750,3,1,1,1,0,0,0,0,0,0,33616629.5481565,-5797.98495584082
"156",60000,2610,4,3,2,0,0,0,0,0,0,0,1093343911.39242,-33065.7513356708
"157",60000,2953,3,1,2,1,0,1,0,1,0,0,113317012.203713,10645.0463692608
"158",60000,2747,4,2,2,0,0,0,0,0,0,0,121396886.607059,-11018.0255312401
"159",62000,1905,5,1,2,0,0,1,0,0,0,0,341781220.914106,18487.3259535852
"160",63000,3968,3,1,2,0,0,0,0,0,0,0,63787883.1760887,7986.73169551155
"161",63900,3162,3,1,2,1,0,0,0,1,1,0,179022667.801342,13379.9352689519
"162",130000,6000,4,1,2,1,0,1,0,0,2,0,4052462291.89898,63658.9529594933
"163",25000,2910,3,1,1,0,0,0,0,0,0,0,581544885.990443,-24115.2417775656
"164",50000,2135,3,2,2,0,0,0,0,0,0,0,309982244.925704,-17606.312644211
"165",52900,3120,3,1,2,0,0,1,1,0,0,0,6833374.65812729,2614.07242786563
"166",62000,4075,3,1,1,1,1,1,0,0,2,0,40835159.713378,6390.23940970744
"167",73500,3410,3,1,2,0,0,0,0,1,0,0,466448165.898817,21597.4110925087
"168",38000,2800,3,1,1,1,0,0,0,0,0,0,110292537.690901,-10502.0254089819
"169",46000,2684,2,1,1,1,0,0,0,1,1,0,3442363.97588376,-1855.36087483911
"170",48000,3100,3,1,2,0,0,1,0,0,0,0,4728161.85888793,-2174.43368693734
"171",52500,3630,2,1,1,1,0,1,0,0,0,0,395668.229449064,-629.021644658643
"172",32000,1950,3,1,1,0,0,0,1,0,0,0,138380762.474565,-11763.5352881081
"173",38000,2430,3,1,1,0,0,0,0,0,0,0,71223278.8081778,-8439.38853283683
"174",46000,4320,3,1,1,0,0,0,0,0,1,0,120462932.327205,-10975.5606839562
"175",50000,3036,3,1,2,1,0,1,0,0,0,0,33250.3356648839,182.346745693154
"176",57500,3630,3,2,2,1,0,0,1,0,2,0,340051323.382911,-18440.480562689
"177",70000,5400,4,1,2,1,0,0,0,0,0,0,49052787.424905,7003.76951540418
"178",69900,3420,4,2,2,1,0,1,0,1,2,0,23714901.0836108,-4869.7947681202
"179",74500,3180,3,2,2,1,0,0,0,0,2,0,1140905.65805109,1068.13185424417
"180",42000,3660,4,1,2,0,0,0,0,0,0,0,127605545.846577,-11296.2624724542
"181",60000,4410,2,1,1,0,0,0,0,0,1,0,6364100.21777187,2522.71683265718
"182",50000,3990,3,1,2,1,0,0,0,0,0,0,26377587.7391421,-5135.91157820518
"183",58000,4340,3,1,1,1,0,0,0,0,0,0,833469.359704021,912.945430846785
"184",63900,3510,3,1,2,1,0,0,0,0,0,0,130872265.333461,11439.9416665235
"185",28000,3420,5,1,2,0,0,0,0,0,0,0,574001856.705699,-23958.3358500898
"186",54000,3420,2,1,2,1,0,0,1,0,1,0,4168392.50102843,2041.66414991017
"187",44700,5495,3,1,1,1,0,1,0,0,0,0,354411741.121958,-18825.8264392817
"188",47000,3480,4,1,2,0,0,0,0,0,1,0,28013917.1484423,-5292.81750568091
"189",50000,7424,3,1,1,0,0,0,0,0,0,0,589489830.873089,-24279.4116665353
"190",57250,3460,4,1,2,1,0,0,0,1,0,0,25691480.2402646,5068.67637951612
"191",67000,3630,3,1,2,1,0,0,0,0,2,0,192404040.534348,13870.9783553414
"192",52500,3630,2,1,1,1,0,0,0,1,0,0,395668.229449064,-629.021644658643
"193",42000,3480,3,1,2,0,0,0,0,0,1,0,105942092.205251,-10292.8175056809
"194",57500,3460,3,2,1,1,0,1,0,1,1,0,305997440.939749,-17492.7825385143
"195",33000,3180,2,1,1,1,0,0,0,0,0,0,310478821.352513,-17620.4092277255
"196",34400,3635,2,1,1,0,0,0,0,0,0,0,351821114.391045,-18756.8951159579
"197",40000,3960,3,1,1,1,0,0,0,0,0,0,224061104.034169,-14968.6707504096
"198",40500,4350,3,1,2,0,0,0,1,0,1,0,276982842.159566,-16642.8015117517
"199",46500,3930,2,1,1,0,0,0,0,0,0,0,68913738.7600727,-8301.4299226141
"200",52000,3570,3,1,2,1,0,1,0,0,0,0,631293.794227462,-794.53998906755
"201",53000,3600,3,1,1,1,0,0,0,0,1,0,1460.70595965217,38.2191831369036
"202",53900,2520,5,2,1,0,0,1,0,1,1,0,251303973.520409,-15852.5699342538
"203",50000,3480,3,1,1,0,0,0,0,1,0,0,5257012.11435685,-2292.81750568091
"204",55500,3180,4,2,2,1,0,0,0,0,0,0,321551895.196773,-17931.8681457558
"205",56000,3290,2,1,1,1,0,0,1,0,1,0,22718324.9561595,4766.37440369087
"206",60000,4000,4,2,2,0,0,0,0,0,0,0,324112237.516452,-18003.1174388341
"207",60000,2325,3,1,2,0,0,0,0,0,0,0,200108024.881034,14145.9543644476
"208",69500,4350,2,1,1,1,0,1,0,0,0,0,152700354.477965,12357.1984882483
"209",72000,3540,2,1,1,0,1,1,0,0,0,0,375301537.786852,19372.700838728
"210",92500,3960,3,1,1,1,0,1,0,0,2,0,1408600675.24116,37531.3292495904
"211",40500,2640,2,1,1,0,0,0,0,0,1,0,50553156.9412329,-7110.07432740565
"212",42000,2700,2,1,1,0,0,0,0,0,0,0,35337745.8349823,-5944.55598299674
"213",47900,2700,3,1,1,0,0,0,0,0,0,0,1985.23562080552,-44.555982996737
"214",52000,3180,3,1,2,0,0,1,0,0,0,0,1903270.69894506,1379.59077227454
"215",62000,3500,4,1,2,1,0,0,0,0,2,0,92077239.8832348,9595.68860912205
"216",41000,3630,2,1,1,1,0,0,0,0,0,0,147113166.056598,-12129.0216446586
"217",138300,6000,4,3,2,1,1,1,1,0,2,0,693586746.022673,26336.0351234325
"218",42000,3150,3,1,2,0,0,0,0,0,0,0,71456055.9975737,-8453.16839992992
"219",47000,3792,4,1,2,1,0,0,0,0,0,0,49450741.4368205,-7032.12211475459
"220",64500,3510,3,1,3,1,0,0,0,0,0,0,144960195.33329,12039.9416665235
"221",46000,3120,3,1,2,0,0,0,0,0,0,0,18369175.1535816,-4285.92757213437
"222",58000,3000,4,1,3,1,0,1,0,1,2,0,70275288.2021528,8383.03573904781
"223",70100,4200,3,1,2,1,0,0,0,0,1,0,190257956.036765,13793.402627226
"224",78500,2817,4,2,2,0,1,1,0,0,1,0,50292859.4927505,7091.74587057027
"225",87250,3240,4,1,3,1,0,0,0,0,1,0,1317334945.79196,36295.1091166834
"226",70800,2800,3,2,2,0,0,1,0,1,1,0,263666.154087231,-513.484327012258
"227",56000,3816,2,1,1,1,0,1,0,1,2,0,3363868.60525989,1834.08522300898
"228",48000,3185,2,1,1,1,0,1,0,0,2,0,7013401.25395366,-2648.28269902472
"229",68000,6321,3,1,2,1,0,1,0,1,1,0,17036.4879279842,-130.523897919056
"230",79000,3650,3,2,2,1,0,0,0,0,2,0,8690854.65591681,2948.02555211396
"231",80000,4700,4,1,2,1,1,1,0,1,1,0,437063156.456198,20906.0554973002
"232",87000,6615,4,2,2,1,1,0,1,0,1,0,31146923.9694527,-5580.94292834577
"233",25000,3850,3,1,2,1,0,0,0,0,0,0,861742701.963466,-29355.454381826
"234",32500,3970,1,1,1,0,0,0,0,0,0,0,507349392.409099,-22524.4176930082
"235",36000,3000,2,1,2,1,0,0,0,0,0,0,185421715.684049,-13616.9642609522
"236",42500,4352,4,1,2,0,0,0,0,0,1,0,214738276.987566,-14653.9509002714
"237",43000,3630,4,1,2,1,0,0,0,0,3,0,102597079.477963,-10129.0216446586
"238",50000,3600,6,1,2,1,0,0,0,0,1,0,8772145.60713823,-2961.7808168631
"239",26000,3000,2,1,1,1,0,1,0,0,2,0,557761000.903093,-23616.9642609522
"240",30000,3000,4,1,2,1,0,0,0,0,0,0,384825286.815475,-19616.9642609522
"241",34000,2787,4,2,2,1,0,0,0,0,0,0,1386893071.73249,-37241.0133016342
"242",52000,3000,2,1,2,1,0,0,0,1,0,0,5678859.33357914,2383.03573904781
"243",70000,4770,3,1,1,1,1,1,0,0,0,0,110582615.372059,10515.8268991106
"244",27000,3649,2,1,1,1,0,0,0,0,0,0,688272120.647213,-26234.9408355958
"245",32500,3970,3,1,2,1,0,1,0,0,0,0,507349392.409099,-22524.4176930082
"246",37200,2910,2,1,1,0,0,0,0,0,0,0,141972986.617844,-11915.2417775656
"247",38000,3480,2,1,1,1,0,0,0,0,1,0,204284632.250699,-14292.8175056809
"248",42000,6615,3,1,2,1,0,0,0,0,0,0,771144242.199163,-27769.4840103154
"249",44500,3500,2,1,1,1,0,0,0,0,0,0,62478138.5639628,-7904.31139087794
"250",45000,3450,3,1,2,1,0,1,0,0,0,0,50773842.9924239,-7125.57667788537
"251",48500,3450,3,1,1,1,0,1,0,0,2,0,13144806.2472263,-3625.57667788537
"252",52000,3520,2,2,1,1,0,1,0,0,0,0,544161254.781589,-23327.2641941053
"253",53900,6930,4,1,2,0,0,0,0,0,1,0,310658698.014307,-17625.5127021686
"254",60000,4600,3,2,2,1,0,0,0,1,1,0,455734285.843988,-21347.933994745
"255",61000,4360,4,1,2,1,0,0,0,0,0,0,14451033.8539229,3801.45154564976
"256",64500,3450,3,1,2,1,0,1,0,0,1,0,153126352.554895,12374.4233221146
"257",71000,4410,4,3,2,1,0,1,0,0,2,0,1030422904.45891,-32100.2010034036
"258",75500,4600,2,2,1,1,0,0,0,1,2,0,34198332.006894,-5847.93399474498
"259",33500,3640,2,1,1,1,0,0,0,0,0,0,387490114.333866,-19684.7685872572
"260",41000,6000,2,1,1,1,0,0,0,0,0,0,642168665.109175,-25341.0470405067
"261",41000,5400,4,1,2,1,0,0,0,0,0,0,483834155.531462,-21996.2304845958
"262",46200,3640,4,1,2,1,0,1,0,0,0,0,48786992.2175343,-6984.76858725716
"263",48500,3640,2,1,1,1,0,0,0,0,0,0,21947056.7161514,-4684.76858725716
"264",48900,4040,2,1,1,1,0,0,0,0,0,0,42440616.2994168,-6514.64629119776
"265",50000,3640,2,1,1,1,0,0,0,0,1,0,10142750.9543799,-3184.76858725716
"266",51000,3640,2,1,1,1,0,0,0,0,0,0,4773213.77986563,-2184.76858725716
"267",52500,5640,2,1,1,0,0,0,0,0,0,0,140047274.432216,-11834.1571069602
"268",52500,3600,2,1,1,1,0,0,0,0,0,0,213241.522822749,-461.780816863096
"269",54000,3600,2,1,1,1,0,0,0,0,0,0,1077899.07223346,1038.2191831369
"270",59000,4632,4,1,2,1,0,0,0,1,0,0,81301.8011189506,285.134706970145
"271",60000,3640,3,2,2,1,0,1,0,0,0,0,255879294.400917,-15996.2275052875
"272",63000,4900,2,1,2,1,0,1,0,0,0,0,7790332.12783785,2791.11664532994
"273",64000,4510,4,1,2,1,0,0,0,1,2,0,35584176.6228074,5965.24740667203
"274",64900,4100,2,2,1,1,1,1,0,0,0,0,186611633.491271,-13660.5868648192
"275",65000,3640,3,1,2,1,0,0,0,1,0,0,139599693.336665,11815.2314127428
"276",66000,5680,3,1,2,1,1,0,0,1,1,0,2081830.90494512,1442.85512264576
"277",70000,6300,3,1,1,1,0,0,0,1,2,0,3946359.77174622,1986.54468153783
"278",65500,4000,3,1,2,1,0,0,0,0,1,0,106261904.051719,10308.3414791963
"279",57000,3960,3,1,2,1,0,0,0,0,0,0,4126298.52024134,2031.32924959036
"280",52000,5960,3,1,2,1,1,1,0,0,0,0,199319597.554414,-14118.0592701127
"281",54000,5830,2,1,1,1,0,0,0,0,2,0,129808401.807953,-11393.349016332
"282",74500,4500,4,2,1,0,0,1,0,1,2,0,39569944.4908227,-6290.46456875983
"283",90000,4100,3,2,3,1,0,0,0,1,2,0,130860172.877347,11439.4131351808
"284",45000,6750,2,1,1,1,0,0,0,0,0,0,651375941.490109,-25522.0677353954
"285",45000,9000,3,1,2,1,0,0,0,0,2,0,1448954108.21812,-38065.1298200613
"286",65000,2550,3,1,2,1,0,1,0,0,0,0,320111073.737418,17891.648155981
"287",55000,7152,3,1,2,1,0,0,0,1,0,0,315527537.863393,-17763.0948278557
"288",62000,6450,4,1,2,1,0,0,0,0,0,0,46917834.6828959,-6849.6594574399
"289",30000,3360,2,1,1,1,0,0,0,0,1,0,467591070.22494,-21623.8541944987
"290",34000,3264,2,1,1,1,0,0,0,0,0,0,292023105.320054,-17088.683545553
"291",38000,4000,3,1,1,1,0,0,0,0,0,0,295553122.695923,-17191.6585208037
"292",39000,4000,3,1,2,1,0,0,0,0,1,0,262169805.654315,-16191.6585208037
"293",45000,3069,2,1,1,1,0,0,0,0,1,0,25016184.267277,-5001.61816488195
"294",47000,4040,2,1,1,1,0,0,0,0,0,0,70806272.2059683,-8414.64629119776
"295",47500,4040,2,1,1,1,0,0,0,0,1,0,62641625.9147705,-7914.64629119776
"296",49000,3185,2,1,1,1,0,0,0,0,2,0,2716835.85590422,-1648.28269902472
"297",50000,5900,2,1,1,1,0,0,0,0,1,0,249121322.313626,-15783.5776145216
"298",50000,3120,3,1,2,1,0,0,0,0,1,0,81754.5765066573,-285.927572134373
"299",52900,5450,2,1,1,1,0,0,0,0,0,0,107639902.85117,-10374.9651975884
"300",53000,4040,2,1,1,1,0,0,0,0,0,0,5830516.71159511,-2414.64629119776
"301",55000,4080,2,1,1,1,0,0,0,0,0,0,406577.196502083,-637.634061591822
"302",56000,8080,3,1,1,1,0,0,0,1,2,0,481206131.991982,-21936.4111009979
"303",58500,4040,2,1,2,1,0,0,0,0,1,0,9519407.50841973,3085.35370880224
"304",59500,4080,3,1,2,1,0,0,0,0,2,0,14917870.6421757,3862.36593840818
"305",60000,5800,3,1,1,1,0,0,1,0,2,0,27312206.7982874,-5226.10818853642
"306",64000,5885,2,1,1,1,0,0,0,1,1,0,2889854.4839527,-1699.9572006238
"307",67000,9667,4,2,2,1,1,1,0,0,1,0,1814326341.67199,-42594.9098094126
"308",68100,3420,4,2,2,1,0,0,0,0,0,0,44486162.2488435,-6669.7947681202
"309",70000,5800,2,1,1,1,1,1,0,1,0,0,22790043.027559,4773.89181146358
"310",72000,7600,4,1,2,1,0,0,0,1,2,0,10631237.5340784,-3260.55785626914
"311",57500,5400,3,1,1,1,0,0,0,0,3,0,30208549.5398003,-5496.23048459582
"312",69900,4995,4,2,1,1,0,1,0,0,0,0,186320813.611462,-13649.9382273863
"313",70000,3000,3,1,2,1,0,1,0,1,0,0,415468145.9393,20383.0357390478
"314",75000,5500,3,2,1,1,0,1,0,0,0,0,129166835.199562,-11365.1588286113
"315",76900,6450,3,2,1,1,1,1,1,0,0,0,217890615.694646,-14761.1183754703
"316",78000,6210,4,1,4,1,1,0,0,1,0,0,110003748.122833,10488.2671649245
"317",80000,5000,3,1,4,1,0,0,0,0,0,0,369933185.35821,19233.6472193448
"318",82000,5000,3,1,3,1,0,0,0,1,0,0,450867774.235589,21233.6472193448
"319",83000,5828,4,1,4,1,1,0,0,0,0,0,310386889.954258,17617.8003721877
"320",83000,5200,3,1,3,1,0,0,0,1,0,0,445999843.106213,21118.7083673745
"321",83900,5500,3,1,3,1,1,0,0,1,1,0,413971927.328693,20346.300089419
"322",88500,6350,3,2,3,1,1,0,0,1,0,0,6778987.85215497,-2603.64894948512
"323",93000,8250,3,2,3,1,0,0,0,1,0,0,75612903.5939731,-8695.56804320299
"324",98000,6000,3,1,1,1,0,0,0,1,1,0,1002289302.49141,31658.9529594933
"325",98500,7700,3,2,1,1,0,0,0,0,2,0,16766.676064158,-129.486200284656
"326",99000,8880,3,2,2,1,0,1,0,1,1,0,38534613.4408126,-6207.62542690944
"327",101000,8880,2,1,1,1,0,0,0,1,1,0,346102620.565353,18603.8334911209
"328",110000,6480,3,2,4,1,0,0,0,1,2,0,330208529.245534,18171.6407967342
"329",115442,7000,3,2,4,1,0,0,0,1,2,0,429102929.992248,20714.7997816114
"330",120000,8875,3,1,1,1,0,0,0,0,1,0,1416145368.90546,37631.7069624202
"331",124000,7155,3,2,1,1,1,1,0,1,2,0,807055495.408068,28408.7221713344
"332",175000,8960,4,4,4,1,0,0,0,1,3,0,562803560.068434,23723.4811962417
"333",50000,7350,2,1,1,1,0,0,0,0,1,0,569628165.774602,-23866.8842913063
"334",55000,3850,2,1,1,1,0,0,0,0,0,0,415439.053907338,644.545618174027
"335",60000,7000,3,1,1,1,0,0,0,0,3,0,141984890.737063,-11915.7413003582
"336",61000,7770,2,1,1,1,0,0,0,0,1,0,231291046.925056,-15208.2558804439
"337",106000,7440,3,2,1,1,1,1,0,1,0,1,77791241.1846771,8819.93430727673
"338",155000,7500,3,3,1,1,0,1,0,1,2,1,1202285841.44157,34673.9937336553
"339",141000,8100,4,1,2,1,1,1,0,1,2,1,3962966266.62714,62952.0950138051
"340",62500,3900,3,1,2,1,0,0,0,0,0,0,61870981.1960714,7865.81090518145
"341",70000,2970,3,1,3,1,0,0,0,0,0,0,422313866.973751,20550.2765668434
"342",73000,3000,3,1,2,1,0,1,0,0,0,0,546766360.373587,23383.0357390478
"343",80000,10500,2,1,1,1,0,0,0,0,1,0,130580241.858962,-11427.1712098385
"344",80000,5500,3,2,2,1,0,0,0,0,1,0,40515246.9134488,-6365.15882861133
"345",88000,4500,3,1,4,1,0,0,0,1,0,0,901260101.718934,30020.9943492705
"346",49000,3850,3,1,1,1,0,0,0,0,0,0,28680891.635819,-5355.45438182597
"347",52000,4130,3,2,2,1,0,0,0,0,2,0,714376773.166105,-26727.8276926148
"348",59500,4046,3,1,2,1,0,1,0,0,1,0,16417938.5313644,4051.90554324313
"349",60000,4079,3,1,3,1,0,0,0,0,0,0,19078905.3705124,4367.94063266803
"350",64000,4000,3,1,2,1,0,0,0,0,2,0,77586879.61413,8808.3414791963
"351",64500,9860,3,1,1,1,0,0,0,0,0,0,545660021.199524,-23359.3668835336
"352",68500,7000,3,1,2,1,0,1,0,0,0,0,11667288.6309729,-3415.74130035823
"353",78500,7980,3,1,1,1,0,0,0,0,2,0,1256771.7680233,1121.05832498729
"354",86000,6800,2,1,1,1,1,1,0,0,2,0,231015606.21293,15199.1975516121
"355",86900,4300,6,2,2,1,0,0,0,0,0,0,52193028.6687696,7224.47428321048
"356",75000,10269,3,1,1,1,0,0,0,0,1,1,229201942.128493,-15139.4168358128
"357",78000,6100,3,1,3,1,1,0,0,1,0,1,123242936.644752,11101.4835335081
"358",95000,6420,3,2,3,1,0,0,0,1,0,1,12292894.6506994,3506.12245232528
"359",97000,12090,4,2,2,1,0,0,0,0,2,1,681334972.585153,-26102.3940010328
"360",107000,6600,3,1,4,1,0,0,0,1,3,1,1392344775.54515,37314.1364035824
"361",130000,6600,4,2,2,1,1,1,0,1,1,1,1406450818.58533,37502.677485552
"362",145000,8580,4,3,4,1,0,0,0,1,2,1,347946493.750014,18653.3239330156
"363",175000,9960,3,2,2,1,0,1,0,0,2,1,4066830329.58464,63771.7047724509
"364",72000,10700,3,1,2,1,1,1,0,0,0,0,421978285.791467,-20542.1100618088
"365",84900,15600,3,1,1,1,0,0,0,1,2,0,1222069590.06567,-34958.1119350812
"366",99000,13200,2,1,1,1,0,1,1,0,1,0,55933133.1754885,-7478.84571143759
"367",114000,9000,4,2,4,1,0,0,0,1,2,0,65989810.5300999,8123.41126190838
"368",120000,7950,5,2,2,1,0,1,1,0,2,0,399074145.764825,19976.8402347525
"369",145000,16200,5,3,2,1,0,0,0,0,0,0,567670953.200338,-23825.8463270529
"370",79000,6100,3,2,1,1,0,1,0,0,2,1,114703572.737072,-10709.9753845222
"371",82000,6360,3,1,1,1,1,1,0,1,2,1,186378824.864422,13652.0630259467
"372",85000,6420,3,1,1,1,0,1,0,1,0,1,266263461.778178,16317.5813703556
"373",100500,6360,4,2,3,1,0,0,0,1,2,1,87246885.1008242,9340.60410791637
"374",122000,6540,4,2,2,1,1,1,0,1,2,1,890256065.613899,29837.1591411431
"375",126500,6420,3,2,2,1,0,0,0,1,1,1,1225428609.14719,35006.1224523253
"376",133000,6550,4,2,2,1,0,0,0,1,1,1,1663123580.9076,40781.4121985446
"377",140000,5750,3,2,4,1,1,0,0,1,1,1,2729139592.88267,52241.1676064258
"378",190000,7420,4,2,3,1,0,0,0,1,2,1,8636250345.89291,92931.4281924738
"379",84000,7160,3,1,1,1,0,1,0,0,2,1,125267749.817408,11192.3076180655
"380",97000,4000,3,2,2,1,0,1,0,1,0,1,360881547.04273,18996.8825611659
"381",103500,9000,4,2,4,1,1,0,0,1,1,1,5648174.03002392,-2376.58873809162
"382",112500,6550,3,1,2,1,0,1,0,1,0,1,1856995541.06974,43092.8711165749
"383",140000,13200,3,1,2,1,0,1,0,1,2,1,1123667784.83761,33521.1542885624
"384",74700,7085,3,1,1,1,1,1,0,0,2,1,5337992.92434516,2310.40968755439
"385",78000,6600,4,2,2,1,1,1,0,0,0,1,210172360.087921,-14497.322514448
"386",78900,6900,3,1,1,1,1,1,0,0,0,1,56877663.1208721,7541.72812562692
"387",83900,11460,3,1,3,1,0,0,0,0,2,1,165865490.793423,-12878.877699296
"388",85000,7020,3,1,1,1,0,1,0,1,2,1,168292626.930896,12972.7648144447
"389",85000,6540,3,1,1,1,1,1,0,0,2,1,244879247.16189,15648.6180591735
"390",86000,8000,3,1,1,1,1,1,0,1,2,1,72412686.9549429,8509.56443979026
"391",86900,9620,3,1,1,1,0,1,0,0,2,1,143307.475863653,378.559738830812
"392",94500,10500,3,2,1,1,0,1,0,1,1,1,389613519.324813,-19738.6301278689
"393",96000,5020,3,1,4,1,0,0,0,1,0,1,1233565654.82739,35122.1533341478
"394",106000,7440,3,2,4,1,0,0,0,0,1,1,77791241.1846771,8819.93430727673
"395",72000,6600,3,1,1,1,1,1,0,0,0,1,5355227.29438515,2314.13640358237
"396",74500,7200,3,1,2,1,1,1,0,0,1,1,2158900.81476129,1469.31984767146
"397",77000,6710,3,2,2,1,1,1,0,0,1,1,259549463.101675,-16110.5388830317
"398",80750,6660,4,2,2,1,1,1,0,0,1,1,145969992.003174,-12081.8041700391
"399",82900,7000,3,1,1,1,0,1,0,0,2,1,120653939.180656,10984.2586996418
"400",85000,7231,3,1,2,1,1,1,0,1,0,1,139157514.304279,11796.5043256161
"401",92500,7410,3,1,1,1,1,1,0,1,2,1,334840008.209368,18298.6340531026
"402",76000,7800,3,1,1,1,0,1,0,1,2,1,140997.777898655,-375.496708239439
"403",77500,6825,3,1,1,1,1,1,0,1,0,1,43031372.1887528,6559.83019511578
"404",80000,6360,3,1,3,1,0,0,0,0,0,1,135770572.760635,11652.0630259467
"405",80000,6600,4,2,1,1,0,1,0,0,0,1,156183070.030129,-12497.322514448
"406",86000,6900,3,2,1,1,1,1,0,0,0,1,66744501.2203451,-8169.73079240345
"407",87000,6600,3,1,1,1,1,1,0,0,2,1,299779319.401856,17314.1364035824
"408",87500,6420,3,1,3,1,0,1,0,0,0,1,354101368.629956,18817.5813703556
"409",89000,6600,3,2,1,1,0,1,0,1,0,1,12231264.7700649,-3497.322514448
"410",89900,6600,3,2,3,1,0,0,0,1,0,1,6746084.24405847,-2597.322514448
"411",90000,9000,3,1,1,1,0,1,0,0,1,1,48092424.4126037,6934.87017993875
"412",95000,6500,3,2,3,1,0,0,0,1,0,1,9364499.12019039,3060.14691153715
"413",112000,6360,3,2,4,1,0,0,0,1,0,1,434330779.582901,20840.6041079164
"414",31900,5300,3,1,1,0,0,0,0,1,0,1,932615926.994915,-30538.7610586107
"415",52000,2850,3,2,2,0,0,1,0,0,0,1,383855046.911528,-19592.2190400048
"416",90000,6400,3,1,1,1,1,1,0,1,1,1,459205266.30814,21429.0752555527
"417",100000,11175,3,1,1,1,0,1,0,1,1,1,23135235.7930781,4809.91016476172
"418",91700,6750,2,1,1,1,1,1,0,0,2,1,448504815.004182,21177.9322646046
"419",174500,7500,4,2,2,1,0,1,0,1,3,1,5926759919.98493,76985.4526516856
"420",94700,6000,3,1,2,1,0,0,1,0,1,1,804230212.958752,28358.9529594933
"421",68000,10240,2,1,1,1,0,0,0,1,2,1,483021525.931442,-21977.7507022771
"422",80000,5136,3,1,2,1,1,1,0,1,0,1,341343686.39911,18475.488800005
"423",61100,3400,3,1,2,1,0,1,0,0,2,1,85620933.622669,9253.1580351072
"424",62900,2880,3,1,2,1,0,0,0,0,0,1,194658277.497619,13951.99905023
"425",65500,3840,3,1,2,1,0,0,0,0,1,1,125446553.446897,11200.2925607725
"426",66000,2870,2,1,2,1,1,1,0,0,0,1,292674972.95514,17107.7459928285
"427",49500,5320,2,1,1,1,0,0,0,0,1,1,170309154.098377,-13050.2549438077
"428",50000,3512,2,1,1,1,0,0,0,0,1,1,6106867.60525346,-2471.20772199616
"429",53500,3480,2,1,1,1,0,0,0,0,0,1,1457289.57459045,1207.18249431909
"430",58550,3600,3,1,1,1,0,1,0,1,0,1,31228193.6387793,5588.2191831369
"431",64500,3520,2,1,2,1,0,0,0,0,0,1,143620923.180952,11984.194723925
"432",65000,5320,3,1,2,1,1,1,0,0,0,1,6001250.84033864,2449.74505619231
"433",69000,6040,3,1,1,1,0,0,0,0,2,1,5933926.40250319,2435.96518909922
"434",73000,11410,2,1,2,1,0,0,0,0,0,1,552256720.376704,-23500.1429863034
"435",75000,8400,3,1,2,1,1,1,0,1,2,1,22281357.3117137,-4720.31326415034
"436",75000,5300,4,2,1,1,0,0,0,1,0,1,105067009.569531,-10250.219976641
"437",132000,7800,3,2,2,1,0,0,0,0,0,1,1076695881.07239,32813.0443737302
"438",60000,3520,3,1,2,1,0,0,0,0,0,1,56013170.6656272,7484.19472392502
"439",65000,5360,3,1,2,1,0,0,0,0,2,1,4958448.00985557,2226.75728579824
"440",69000,6862,3,1,2,1,0,0,0,1,2,1,4607176.73772028,-2146.43349249873
"441",51900,3520,3,1,1,1,0,0,0,0,2,1,379216.138041776,-615.805276074975
"442",57000,4050,2,1,2,1,1,1,0,0,0,1,2339696.85921621,1529.60676620372
"443",65000,3520,3,1,1,1,0,0,0,0,0,1,155855117.904877,12484.194723925
"444",79500,4400,4,1,2,1,0,0,0,1,2,1,487458562.675278,22078.4637752557
"445",72500,5720,2,1,2,1,0,0,0,1,0,1,59596351.9363617,7719.8673522517
"446",104900,11440,4,1,2,1,0,1,0,0,1,1,67775969.2643602,8232.61618590107
"447",114900,7482,3,2,3,1,0,0,1,0,1,1,305753101.913699,17485.797148363
"448",120000,5500,4,2,2,1,0,1,0,1,1,1,1131302540.62454,33634.8411713887
"449",58000,4320,3,1,2,1,0,0,0,0,2,1,1049475.91225632,1024.43931604382
"450",67000,5400,2,1,2,1,0,0,0,0,0,1,16030170.3324799,4003.76951540418
"451",67000,4320,3,1,1,1,0,0,0,0,0,1,100489383.601045,10024.4393160438
"452",69000,4815,2,1,1,1,0,0,0,1,0,1,85839588.6331223,9264.96565741732
"453",73000,6100,3,1,1,1,0,1,0,1,0,1,37228101.3096708,6101.48353350813
"454",73500,7980,3,1,1,1,0,0,0,0,1,1,15046188.5181504,-3878.94167501271
"455",74900,6050,3,1,1,1,0,1,0,0,0,1,68562014.2096832,8280.2182465007
"456",75000,3800,3,1,2,1,1,1,0,0,1,1,437783659.816583,20923.2803311666
"457",79500,5400,5,1,2,1,1,1,0,1,0,1,272374408.217585,16503.7695154042
"458",120900,6000,3,2,4,1,1,1,0,1,0,1,1007903377.91272,31747.4940414629
"459",44555,2398,3,1,1,1,0,0,0,0,0,1,2910430.25597447,-1705.99831652158
"460",47000,2145,3,1,2,1,0,1,0,0,0,1,4619917.48505265,2149.39933122085
"461",47600,2145,3,1,2,1,0,1,0,0,0,1,7559196.68251767,2749.39933122085
"462",49000,2145,3,1,3,1,0,0,0,0,0,1,17217514.8099361,4149.39933122085
"463",49000,2610,3,1,2,1,0,1,0,0,0,1,2424767.50993652,1557.1665003899
"464",49000,1950,3,2,2,1,0,1,0,0,0,1,308880421.345801,-17574.9942061385
"465",49500,2145,3,1,3,1,0,0,0,0,0,1,21616914.1411569,4649.39933122085
"466",52000,2275,3,1,3,1,0,0,1,1,0,1,41276629.7417788,6424.68907744015
"467",54000,2856,3,1,3,1,0,0,0,0,0,1,26892435.6850855,5185.79171246643
"468",55000,2015,3,1,2,1,0,1,0,0,0,1,118246259.266623,10874.1095850015
"469",55000,2176,2,1,2,1,1,0,0,0,0,1,99532224.5013023,9976.58380916546
"470",56000,2145,4,2,1,1,0,1,0,0,0,1,136003633.806296,-11662.0595868095
"471",60000,2145,3,1,3,1,0,0,0,0,1,1,229504300.096795,15149.3993312209
"472",60500,2787,3,1,1,1,0,1,0,0,0,1,145695657.378378,12070.4456163962
"473",50000,9500,3,1,2,1,0,0,0,0,3,1,1285400103.44935,-35852.476949987
"474",64900,4990,4,2,2,1,1,1,0,0,0,1,346781295.7799,-18622.0647560871
"475",93000,6670,3,1,3,1,0,1,0,0,0,1,525505549.070148,22923.9078053928
"476",85000,6254,4,2,1,1,0,1,0,0,1,1,31007950.5835779,-5568.47830053937
"477",61500,10360,2,1,1,1,0,0,0,0,1,1,849530937.782385,-29146.7140134593
"478",88500,5500,3,2,1,1,1,1,0,0,2,1,4557546.82705613,2134.84117138867
"479",88000,5450,4,2,1,1,0,1,0,1,0,1,3661772.66528546,1913.57588438124
"480",89000,5500,3,1,3,1,0,0,0,0,1,1,647514188.240767,25446.300089419
"481",89500,6000,4,1,3,1,1,1,0,0,0,1,536337102.180022,23158.9529594933
"482",95000,5700,3,1,1,1,1,1,0,1,2,1,919991474.516607,30331.3612374487
"483",95500,6600,2,2,4,1,0,1,0,0,0,1,9016072.0822409,3002.677485552
"484",51500,4000,2,1,1,1,0,0,0,0,0,1,13628342.6342226,-3691.6585208037
"485",62900,4880,3,1,1,1,0,0,0,0,2,1,7854625.78582066,2802.61053052697
"486",118500,4880,4,2,2,1,0,0,0,1,1,1,1266730073.10372,35591.1516124966
"487",42900,8050,2,1,1,1,0,0,0,0,0,0,1215859035.54158,-34869.1702732023
"488",44100,8100,2,1,1,1,0,0,0,0,1,0,1152460252.95172,-33947.9049861949
"489",47000,5880,3,1,1,1,0,0,0,0,1,0,348646710.794906,-18672.0837293245
"490",50000,5880,2,1,1,1,0,0,0,0,0,0,245614208.418959,-15672.0837293245
"491",50000,12944,3,1,1,1,0,0,0,0,0,0,3030692313.27092,-55051.7239809156
"492",53000,6020,3,1,1,1,0,0,0,0,0,0,180970857.357734,-13452.5409257037
"493",53000,4050,2,1,1,1,0,0,0,0,0,0,6102842.72958643,-2470.39323379628
"494",54000,8400,2,1,1,1,0,0,0,0,1,0,661534514.406028,-25720.3132641503
"495",58500,5600,2,1,1,1,0,0,0,1,0,0,31485221.3236198,-5611.16933656612
"496",59000,5985,3,1,1,1,0,1,0,0,0,0,52670241.2406125,-7257.42662660895
"497",60000,4500,3,1,1,1,0,1,0,0,0,0,4084418.15978347,2020.99434927054
"498",62900,4920,3,1,2,1,0,0,0,0,1,0,6654453.58459573,2579.62276013291
"499",64000,8250,3,1,1,1,0,0,0,0,0,0,221536704.450047,-14884.1091251726
"500",65000,8400,4,1,4,1,0,0,0,0,3,0,216687622.594721,-14720.3132641503
"501",67900,6440,2,1,1,1,0,0,0,1,3,0,799079.584190052,-893.912514841386
"502",68500,8100,4,1,4,1,0,1,0,1,2,0,91162489.6254053,-9547.9049861949
"503",70000,6720,3,1,1,1,0,0,0,0,0,0,125902.134356845,-354.826907599811
"504",70500,5948,3,1,2,1,0,0,0,1,0,0,19792151.1953766,4448.83706100556
"505",71500,8150,3,2,1,1,1,1,0,0,0,0,878416889.64393,-29638.0986172178
"506",71900,4800,2,1,1,1,1,1,0,0,0,0,150027860.746414,12248.5860713151
"507",75000,9800,4,2,2,1,1,0,0,0,2,0,1248657217.60263,-35336.3441459728
"508",75000,8520,3,1,1,1,0,0,0,1,2,0,29044302.0054279,-5389.27657533253
"509",87000,8372,3,1,3,1,0,0,0,1,2,0,55290797.0696726,7435.7781751255
"510",64000,4040,3,1,2,1,0,0,0,0,1,0,73708298.3052444,8585.35370880224
"511",70000,4646,3,1,2,1,1,1,0,0,2,0,125598843.569983,11207.0889873322
"512",47500,4775,4,1,2,1,0,0,0,0,0,0,144289262.852428,-12012.0465721886
"513",62600,4950,4,1,2,1,0,0,0,1,0,0,4462157.42806534,2112.38193233736
"514",66000,5010,3,1,2,1,0,1,0,0,0,0,26810651.2759291,5177.90027674627
"515",58900,6060,2,1,1,1,0,1,0,0,1,0,60458846.5038406,-7775.52869609781
"516",53000,3584,2,1,1,1,0,0,1,0,0,0,16234.4016260867,127.414291294527
"517",95000,6000,3,2,3,1,1,0,0,1,0,0,34193186.5649442,5847.49404146291
"518",96500,6000,4,2,4,1,0,0,0,1,0,0,53985668.6893329,7347.49404146291
"519",101000,6240,4,2,2,1,0,0,0,1,1,0,110451007.336578,10509.5674190986
"520",102000,6000,3,2,2,1,1,0,0,0,1,0,165058103.145425,12847.4940414629
"521",103000,7680,4,2,4,1,1,0,0,1,1,0,20088392.8876135,4482.00768491237
"522",105000,6000,4,2,4,1,1,0,0,1,1,0,251143067.394202,15847.4940414629
"523",108000,6000,4,2,4,1,0,0,0,1,1,0,355228031.64298,18847.4940414629
"524",110000,6000,4,2,4,1,0,0,0,0,2,0,434618007.808831,20847.4940414629
"525",113000,6000,4,2,4,1,0,0,0,1,1,0,568702972.057609,23847.4940414629
"526",120000,7475,3,2,4,1,0,0,0,1,2,0,511882480.402629,22624.8200081819
"527",105000,5150,3,2,4,1,0,0,0,1,2,0,423782743.931977,20585.9841623367
"528",106000,6325,3,1,4,1,0,0,0,1,1,0,1432408831.47314,37847.1773250415
"529",107500,6000,3,2,4,1,0,0,0,1,1,0,336630537.601517,18347.4940414629
"530",108000,6000,3,2,3,1,0,0,0,1,0,0,355228031.64298,18847.4940414629
"531",113750,6000,3,1,4,1,1,0,0,1,2,0,2247608820.71545,47408.9529594933
"532",120000,7000,3,1,4,1,0,0,0,1,2,0,2312095934.69408,48084.2586996418
"533",70000,12900,3,1,1,1,0,0,0,0,2,0,1211488086.81091,-34806.4374334821
"534",71000,7686,3,1,1,1,1,1,1,0,0,0,22467425.2139431,-4739.98156261637
"535",82000,5000,3,1,3,1,0,0,0,1,0,0,450867774.235589,21233.6472193448
"536",82000,5800,3,2,4,1,0,0,0,1,0,0,36452216.5662972,-6037.56710656679
"537",82500,6000,3,2,4,1,0,0,0,1,0,0,44255835.5283715,-6652.50595853709
"538",83000,4800,3,1,3,1,0,0,0,1,0,0,545156471.529609,23348.5860713151
"539",84000,6500,3,2,3,1,0,0,0,1,0,0,63041267.066373,-7939.85308846285
"540",85000,7320,4,2,2,1,0,0,0,0,0,0,132505478.038321,-11511.1023815411
"541",85000,6525,3,2,4,1,0,0,0,0,1,0,50115362.1083274,-7079.22044495913
"542",91500,4800,3,2,4,1,1,0,0,1,0,0,81669667.184636,9037.12715328472
"543",94000,6000,3,2,4,1,0,0,0,1,0,0,23498198.4820184,4847.49404146291
"544",103000,6000,3,2,4,1,1,0,0,1,1,0,191753091.228351,13847.4940414629
"545",105000,6000,3,2,2,1,1,0,0,1,1,0,251143067.394202,15847.4940414629
"546",105000,6000,3,1,2,1,0,0,0,1,1,0,1494514643.92431,38658.9529594933
